<?xml version="1.0" encoding="UTF-8"?>
<project-private xmlns="http://www.netbeans.org/ns/project-private/1">
    <editor-bookmarks xmlns="http://www.netbeans.org/ns/editor-bookmarks/2" lastBookmarkId="0"/>
    <open-files xmlns="http://www.netbeans.org/ns/projectui-open-files/2">
        <group>
            <file>file:/D:/CPW_PPM_Model%20-%20For%205000-15000/PPM%20Model%20Final%20Backup/NetBeansProjects/JavaApplication2/src/javaapplication2/PaillierDataCollectionCost.java</file>
            <file>file:/D:/CPW_PPM_Model%20-%20For%205000-15000/PPM%20Model%20Final%20Backup/NetBeansProjects/JavaApplication2/src/javaapplication2/ObfuscationDataAccessProtocolCost.java</file>
            <file>file:/D:/CPW_PPM_Model%20-%20For%205000-15000/PPM%20Model%20Final%20Backup/NetBeansProjects/JavaApplication2/src/javaapplication2/PaillierDataAccessProtocolCost.java</file>
        </group>
    </open-files>
</project-private>
